1 ,11/11/2011 ,12/11/2011 ,5 ,Villa ,Hour
2 ,30/04/2022 ,05/05/2022 ,5 ,Villa Da Nang ,Year
3 ,05/11/2011 ,12/11/2011 ,1 ,Villa Phu Quoc ,Hour
4 ,05/11/2011 ,12/11/2011 ,2 ,Villa Da Nang ,Hour
5 ,05/11/2011 ,12/11/2011 ,1 ,Villa Da Nang ,Hour
6 ,05/11/2011 ,12/11/2011 ,4 ,Villa Da Lat ,Hour
7 ,05/11/2011 ,12/11/2011 ,1 ,Villa New York ,Hour
8 ,11/11/2011 ,10/11/2011 ,1 ,Villa ,Hour
9 ,05/11/2011 ,12/11/2011 ,1 ,Villa Ha Noi ,Hour
10 ,05/11/2011 ,12/11/2011 ,4 ,Villa New York ,Hour
11 ,05/11/2011 ,12/11/2011 ,3 ,Villa Germany ,Hour
12 ,05/11/2011 ,12/11/2011 ,2 ,Villa Da Nang ,Hour
13 ,05/11/2011 ,12/11/2011 ,1 ,Villa Da Nang ,Hour
14 ,05/11/2011 ,12/11/2011 ,2 ,Villa Da Nang ,Hour
15 ,05/11/2011 ,12/11/2011 ,1 ,Villa Da Lat ,Hour
